oldnames,newnames_ejscreenapi,gdblongname,from_EJSCREEN_API,from_ejscreenapi_Rshinyapp,jsondoc_JSON_name_API,jsondoc_Description_API,jsondoc_Section_API,jsondoc_DEJ,jsondoc_indicated_topic,jsondoc_vartype,jsondoc_shortvartype,jsondoc_zone,jsondoc_shortzone,jsondoc_Rfieldname,jsondoc_sort_DvsEEJ,jsondoc_sort_topic,jsondoc_sort_DEJ,jsondoc_sort_zone,jsondoc_sort_vartype,jsondoc_sort_all,jsondoc_sort,n
epaRegion,REGION,EPA region number,1,1,epaRegion,EPA Region,General information,geo,geo,place name,0,Region,region,region,0,0,9,2,9,00929,1,1
stateAbbr,ST,State Abbreviation,1,1,stateAbbr,State Abbreviation,General information,geo,geo,place name,0,State,state,ST,0,0,9,3,9,00939,2,2
stateName,statename,State Name,1,1,stateName,State Name,General information,geo,geo,place name,0,State,state,statename,0,0,9,3,9,00939,3,3
NUM_NPL,NUM_NPL,Raw value for Number of NPL Superfund sites,1,1,NUM_NPL,Number of Superfund NPL sites,Sites,Environmental,count.NPL,raw count of sites,0,buffer,0,count.NPL,0,1,9,0,9,01909,4,4
NUM_TSDF,NUM_TSDF,Raw value for Number of TSDF facilities,1,1,NUM_TSDF,"Number of Hazardous Waste Treatment, Storage, and Disposal Facilities (TSDF) sites",Sites,Environmental,count.TSDF,raw count of sites,0,buffer,0,count.TSDF,0,1,9,0,9,01909,5,5
totalPop,pop,total population (ACS 5yr file),1,1,totalPop,Total Population ACS,Demographic Indicators,Demographic,pop,raw data for indicator,0,buffer,0,pop,1,1,1,0,1,11101,6,6
RAW_D_INDEX,Demog.Index,Raw data for Demographic Index,1,1,RAW_D_INDEX,Raw data for Demographic Index,Demographic Indicators,Demographic,VSI.eo,raw data for indicator,0,buffer,0,VSI.eo,1,1,1,0,1,11101,7,7
N_D_INDEX,us.avg.Demog.Index,National average for Demographic Index,1,1,N_D_INDEX,National average for Demographic Index,Demographic Indicators,Demographic,VSI.eo,average,avg,Nation,us,us.avg.VSI.eo,1,1,1,1,2,11112,8,8
N_D_INDEX_PER,pctile.Demog.Index,National percentile for Demographic Index,1,1,N_D_INDEX_PER,National percentile for Demographic Index,Demographic Indicators,Demographic,VSI.eo,percentile,pctile,Nation,us,pctile.VSI.eo,1,1,1,1,3,11113,9,9
R_D_INDEX,region.avg.Demog.Index,Regional average for Demographic Index,1,1,R_D_INDEX,Regional average for Demographic Index,Demographic Indicators,Demographic,VSI.eo,average,avg,Region,region,region.avg.VSI.eo,1,1,1,2,2,11122,10,10
R_D_INDEX_PER,region.pctile.Demog.Index,Regional percentile for Demographic Index,1,1,R_D_INDEX_PER,Regional percentile for Demographic Index,Demographic Indicators,Demographic,VSI.eo,percentile,pctile,Region,region,region.pctile.VSI.eo,1,1,1,2,3,11123,11,11
S_D_INDEX,state.avg.Demog.Index,State average for Demographic Index,1,1,S_D_INDEX,State average for Demographic Index,Demographic Indicators,Demographic,VSI.eo,average,avg,State,state,state.avg.VSI.eo,1,1,1,3,2,11132,12,12
S_D_INDEX_PER,state.pctile.Demog.Index,State percentile for Demographic Index,1,1,S_D_INDEX_PER,State percentile for Demographic Index,Demographic Indicators,Demographic,VSI.eo,percentile,pctile,State,state,state.pctile.VSI.eo,1,1,1,3,3,11133,13,13
RAW_D_MINOR,pctmin,Raw data for Minority Population,1,1,RAW_D_MINOR,Raw data for Minority Population,Demographic Indicators,Demographic,pctmin,raw data for indicator,0,buffer,0,pctmin,1,2,1,0,1,12101,14,14
N_D_MINOR,us.avg.pctmin,National average for Minority Population,1,1,N_D_MINOR,National average for Minority Population,Demographic Indicators,Demographic,pctmin,average,avg,Nation,us,us.avg.pctmin,1,2,1,1,2,12112,15,15
N_D_MINOR_PER,pctile.pctmin,National percentile for Minority Population,1,1,N_D_MINOR_PER,National percentile for Minority Population,Demographic Indicators,Demographic,pctmin,percentile,pctile,Nation,us,pctile.pctmin,1,2,1,1,3,12113,16,16
R_D_MINOR,region.avg.pctmin,Regional average for Minority Population,1,1,R_D_MINOR,Regional average for Minority Population,Demographic Indicators,Demographic,pctmin,average,avg,Region,region,region.avg.pctmin,1,2,1,2,2,12122,17,17
R_D_MINOR_PER,region.pctile.pctmin,Regional percentile for Minority Population,1,1,R_D_MINOR_PER,Regional percentile for Minority Population,Demographic Indicators,Demographic,pctmin,percentile,pctile,Region,region,region.pctile.pctmin,1,2,1,2,3,12123,18,18
S_D_MINOR,state.avg.pctmin,State average for Minority Population,1,1,S_D_MINOR,State average for Minority Population,Demographic Indicators,Demographic,pctmin,average,avg,State,state,state.avg.pctmin,1,2,1,3,2,12132,19,19
S_D_MINOR_PER,state.pctile.pctmin,State percentile for Minority Population,1,1,S_D_MINOR_PER,State percentile for Minority Population,Demographic Indicators,Demographic,pctmin,percentile,pctile,State,state,state.pctile.pctmin,1,2,1,3,3,12133,20,20
RAW_D_INCOME,pctlowinc,Raw data for Low Income Population,1,1,RAW_D_INCOME,Raw data for Low Income Population,Demographic Indicators,Demographic,pctlowinc,raw data for indicator,0,buffer,0,pctlowinc,1,3,1,0,1,13101,21,21
N_D_INCOME,us.avg.pctlowinc,National average for Low Income Population,1,1,N_D_INCOME,National average for Low Income Population,Demographic Indicators,Demographic,pctlowinc,average,avg,Nation,us,us.avg.pctlowinc,1,3,1,1,2,13112,22,22
N_D_INCOME_PER,pctile.pctlowinc,National percentile for Low Income Population,1,1,N_D_INCOME_PER,National percentile for Low Income Population,Demographic Indicators,Demographic,pctlowinc,percentile,pctile,Nation,us,pctile.pctlowinc,1,3,1,1,3,13113,23,23
R_D_INCOME,region.avg.pctlowinc,Regional average for Low Income Population,1,1,R_D_INCOME,Regional average for Low Income Population,Demographic Indicators,Demographic,pctlowinc,average,avg,Region,region,region.avg.pctlowinc,1,3,1,2,2,13122,24,24
R_D_INCOME_PER,region.pctile.pctlowinc,Regional percentile for Low Income Population,1,1,R_D_INCOME_PER,Regional percentile for Low Income Population,Demographic Indicators,Demographic,pctlowinc,percentile,pctile,Region,region,region.pctile.pctlowinc,1,3,1,2,3,13123,25,25
S_D_INCOME,state.avg.pctlowinc,State average for Low Income Population,1,1,S_D_INCOME,State average for Low Income Population,Demographic Indicators,Demographic,pctlowinc,average,avg,State,state,state.avg.pctlowinc,1,3,1,3,2,13132,26,26
S_D_INCOME_PER,state.pctile.pctlowinc,State percentile for Low Income Population,1,1,S_D_INCOME_PER,State percentile for Low Income Population,Demographic Indicators,Demographic,pctlowinc,percentile,pctile,State,state,state.pctile.pctlowinc,1,3,1,3,3,13133,27,27
RAW_D_LING,pctlingiso,Raw data for Linguistically Isolated Population,1,1,RAW_D_LING,Raw data for Linguistically Isolated Population,Demographic Indicators,Demographic,pctlingiso,raw data for indicator,0,buffer,0,pctlingiso,1,4,1,0,1,14101,28,28
N_D_LING,us.avg.pctlingiso,National average for Linguistically Isolated Population,1,1,N_D_LING,National average for Linguistically Isolated Population,Demographic Indicators,Demographic,pctlingiso,average,avg,Nation,us,us.avg.pctlingiso,1,4,1,1,2,14112,29,29
N_D_LING_PER,pctile.pctlingiso,National percentile for Linguistically Isolated Population,1,1,N_D_LING_PER,National percentile for Linguistically Isolated Population,Demographic Indicators,Demographic,pctlingiso,percentile,pctile,Nation,us,pctile.pctlingiso,1,4,1,1,3,14113,30,30
R_D_LING,region.avg.pctlingiso,Regional average for Linguistically Isolated Population,1,1,R_D_LING,Regional average for Linguistically Isolated Population,Demographic Indicators,Demographic,pctlingiso,average,avg,Region,region,region.avg.pctlingiso,1,4,1,2,2,14122,31,31
R_D_LING_PER,region.pctile.pctlingiso,Regional percentile for Linguistically Isolated Population,1,1,R_D_LING_PER,Regional percentile for Linguistically Isolated Population,Demographic Indicators,Demographic,pctlingiso,percentile,pctile,Region,region,region.pctile.pctlingiso,1,4,1,2,3,14123,32,32
S_D_LING,state.avg.pctlingiso,State average for Linguistically Isolated Population,1,1,S_D_LING,State average for Linguistically Isolated Population,Demographic Indicators,Demographic,pctlingiso,average,avg,State,state,state.avg.pctlingiso,1,4,1,3,2,14132,33,33
S_D_LING_PER,state.pctile.pctlingiso,State percentile for Linguistically Isolated Population,1,1,S_D_LING_PER,State percentile for Linguistically Isolated Population,Demographic Indicators,Demographic,pctlingiso,percentile,pctile,State,state,state.pctile.pctlingiso,1,4,1,3,3,14133,34,34
RAW_D_LESSHS,pctlths,Raw data for Population with Less Than High School Education,1,1,RAW_D_LESSHS,Raw data for Population with Less Than High School Education,Demographic Indicators,Demographic,pctlths,raw data for indicator,0,buffer,0,pctlths,1,5,1,0,1,15101,35,35
N_D_LESSHS,us.avg.pctlths,National average for Population with Less Than High School Education,1,1,N_D_LESSHS,National average for Population with Less Than High School Education,Demographic Indicators,Demographic,pctlths,average,avg,Nation,us,us.avg.pctlths,1,5,1,1,2,15112,36,36
N_D_LESSHS_PER,pctile.pctlths,National percentile for Population with Less Than High School Education,1,1,N_D_LESSHS_PER,National percentile for Population with Less Than High School Education,Demographic Indicators,Demographic,pctlths,percentile,pctile,Nation,us,pctile.pctlths,1,5,1,1,3,15113,37,37
R_D_LESSHS,region.avg.pctlths,Regional average for Population with Less Than High School Education,1,1,R_D_LESSHS,Regional average for Population with Less Than High School Education,Demographic Indicators,Demographic,pctlths,average,avg,Region,region,region.avg.pctlths,1,5,1,2,2,15122,38,38
R_D_LESSHS_PER,region.pctile.pctlths,Regional percentile for Population with Less Than High School Education,1,1,R_D_LESSHS_PER,Regional percentile for Population with Less Than High School Education,Demographic Indicators,Demographic,pctlths,percentile,pctile,Region,region,region.pctile.pctlths,1,5,1,2,3,15123,39,39
S_D_LESSHS,state.avg.pctlths,State average for Population with Less Than High School Education,1,1,S_D_LESSHS,State average for Population with Less Than High School Education,Demographic Indicators,Demographic,pctlths,average,avg,State,state,state.avg.pctlths,1,5,1,3,2,15132,40,40
S_D_LESSHS_PER,state.pctile.pctlths,State percentile for Population with Less Than High School Education,1,1,S_D_LESSHS_PER,State percentile for Population with Less Than High School Education,Demographic Indicators,Demographic,pctlths,percentile,pctile,State,state,state.pctile.pctlths,1,5,1,3,3,15133,41,41
RAW_D_UNDER5,pctunder5,Raw data for Population under Age 5,1,1,RAW_D_UNDER5,Raw data for Population under Age 5,Demographic Indicators,Demographic,pctunder5,raw data for indicator,0,buffer,0,pctunder5,1,6,1,0,1,16101,42,42
N_D_UNDER5,us.avg.pctunder5,National average for Population under Age 5,1,1,N_D_UNDER5,National average for Population under Age 5,Demographic Indicators,Demographic,pctunder5,average,avg,Nation,us,us.avg.pctunder5,1,6,1,1,2,16112,43,43
N_D_UNDER5_PER,pctile.pctunder5,National percentile for Population under Age 5,1,1,N_D_UNDER5_PER,National percentile for Population under Age 5,Demographic Indicators,Demographic,pctunder5,percentile,pctile,Nation,us,pctile.pctunder5,1,6,1,1,3,16113,44,44
R_D_UNDER5,region.avg.pctunder5,Regional average for Population under Age 5,1,1,R_D_UNDER5,Regional average for Population under Age 5,Demographic Indicators,Demographic,pctunder5,average,avg,Region,region,region.avg.pctunder5,1,6,1,2,2,16122,45,45
R_D_UNDER5_PER,region.pctile.pctunder5,Regional percentile for Population under Age 5,1,1,R_D_UNDER5_PER,Regional percentile for Population under Age 5,Demographic Indicators,Demographic,pctunder5,percentile,pctile,Region,region,region.pctile.pctunder5,1,6,1,2,3,16123,46,46
S_D_UNDER5,state.avg.pctunder5,State average for Population under Age 5,1,1,S_D_UNDER5,State average for Population under Age 5,Demographic Indicators,Demographic,pctunder5,average,avg,State,state,state.avg.pctunder5,1,6,1,3,2,16132,47,47
S_D_UNDER5_PER,state.pctile.pctunder5,State percentile for Population under Age 5,1,1,S_D_UNDER5_PER,State percentile for Population under Age 5,Demographic Indicators,Demographic,pctunder5,percentile,pctile,State,state,state.pctile.pctunder5,1,6,1,3,3,16133,48,48
RAW_D_OVER64,pctover64,Raw data for Population over Age 64,1,1,RAW_D_OVER64,Raw data for Population over Age 64,Demographic Indicators,Demographic,pctover64,raw data for indicator,0,buffer,0,pctover64,1,7,1,0,1,17101,49,49
N_D_OVER64,us.avg.pctover64,National average for Population over Age 64,1,1,N_D_OVER64,National average for Population over Age 64,Demographic Indicators,Demographic,pctover64,average,avg,Nation,us,us.avg.pctover64,1,7,1,1,2,17112,50,50
N_D_OVER64_PER,pctile.pctover64,National percentile for Population over Age 64,1,1,N_D_OVER64_PER,National percentile for Population over Age 64,Demographic Indicators,Demographic,pctover64,percentile,pctile,Nation,us,pctile.pctover64,1,7,1,1,3,17113,51,51
R_D_OVER64,region.avg.pctover64,Regional average for Population over Age 64,1,1,R_D_OVER64,Regional average for Population over Age 64,Demographic Indicators,Demographic,pctover64,average,avg,Region,region,region.avg.pctover64,1,7,1,2,2,17122,52,52
R_D_OVER64_PER,region.pctile.pctover64,Regional percentile for Population over Age 64,1,1,R_D_OVER64_PER,Regional percentile for Population over Age 64,Demographic Indicators,Demographic,pctover64,percentile,pctile,Region,region,region.pctile.pctover64,1,7,1,2,3,17123,53,53
S_D_OVER64,state.avg.pctover64,State average for Population over Age 64,1,1,S_D_OVER64,State average for Population over Age 64,Demographic Indicators,Demographic,pctover64,average,avg,State,state,state.avg.pctover64,1,7,1,3,2,17132,54,54
S_D_OVER64_PER,state.pctile.pctover64,State percentile for Population over Age 64,1,1,S_D_OVER64_PER,State percentile for Population over Age 64,Demographic Indicators,Demographic,pctover64,percentile,pctile,State,state,state.pctile.pctover64,1,7,1,3,3,17133,55,55
RAW_D_UNEMPLOYED,pctunemployed,Raw data for Percent Unemployed,1,1,RAW_D_UNEMPLOYED,Raw data for Percent Unemployed,Demographic Indicators,Demographic,pctunemployed,raw data for indicator,0,buffer,0,pctunemployed,1,8,1,0,1,18101,56,56
N_D_UNEMPLOYED,us.avg.pctunemployed,National average for Percent Unemployed,1,1,N_D_UNEMPLOYED,National average for Percent Unemployed,Demographic Indicators,Demographic,pctunemployed,average,avg,Nation,us,us.avg.pctunemployed,1,8,1,1,2,18112,57,57
N_D_UNEMPLOYED_PER,pctile.pctunemployed,National percentile for Percent Unemployed,1,1,N_D_UNEMPLOYED_PER,National percentile for Percent Unemployed,Demographic Indicators,Demographic,pctunemployed,percentile,pctile,Nation,us,pctile.pctunemployed,1,8,1,1,3,18113,58,58
R_D_UNEMPLOYED,region.avg.pctunemployed,Regional average for Percent Unemployed,1,1,R_D_UNEMPLOYED,Regional average for Percent Unemployed,Demographic Indicators,Demographic,pctunemployed,average,avg,Region,region,region.avg.pctunemployed,1,8,1,2,2,18122,59,59
R_D_UNEMPLOYED_PER,region.pctile.pctunemployed,Regional percentile for Percent Unemployed,1,1,R_D_UNEMPLOYED_PER,Regional percentile for Percent Unemployed,Demographic Indicators,Demographic,pctunemployed,percentile,pctile,Region,region,region.pctile.pctunemployed,1,8,1,2,3,18123,60,60
S_D_UNEMPLOYED,state.avg.pctunemployed,State average for Percent Unemployed,1,1,S_D_UNEMPLOYED,State average for Percent Unemployed,Demographic Indicators,Demographic,pctunemployed,average,avg,State,state,state.avg.pctunemployed,1,8,1,3,2,18132,61,61
S_D_UNEMPLOYED_PER,state.pctile.pctunemployed,State percentile for Percent Unemployed,1,1,S_D_UNEMPLOYED_PER,State percentile for Percent Unemployed,Demographic Indicators,Demographic,pctunemployed,percentile,pctile,State,state,state.pctile.pctunemployed,1,8,1,3,3,18133,62,62
RAW_E_TRAFFIC,traffic.score,Raw data for Traffic Proximity and Volume (daily traffic count/distance to road),1,1,RAW_E_TRAFFIC,Raw data for Traffic Proximity and Volume (daily traffic count/distance to road),Environmental Indicators,Environmental,traffic.score,raw data for indicator,0,buffer,0,traffic.score,2,101,2,0,1,2101201,63,63
N_E_TRAFFIC,us.avg.traffic.score,National average for Traffic Proximity and Volume (daily traffic count/distance to road),1,1,N_E_TRAFFIC,National average for Traffic Proximity and Volume (daily traffic count/distance to road),Environmental Indicators,Environmental,traffic.score,average,avg,Nation,us,us.avg.traffic.score,2,101,2,1,2,2101212,64,64
N_E_TRAFFIC_PER,pctile.traffic.score,National percentile for Traffic Proximity and Volume (daily traffic count/distance to road),1,1,N_E_TRAFFIC_PER,National percentile for Traffic Proximity and Volume (daily traffic count/distance to road),Environmental Indicators,Environmental,traffic.score,percentile,pctile,Nation,us,pctile.traffic.score,2,101,2,1,3,2101213,65,65
R_E_TRAFFIC,region.avg.traffic.score,Regional average for Traffic Proximity and Volume (daily traffic count/distance to road),1,1,R_E_TRAFFIC,Regional average for Traffic Proximity and Volume (daily traffic count/distance to road),Environmental Indicators,Environmental,traffic.score,average,avg,Region,region,region.avg.traffic.score,2,101,2,2,2,2101222,66,66
R_E_TRAFFIC_PER,region.pctile.traffic.score,Regional percentile for Traffic Proximity and Volume (daily traffic count/distance to road),1,1,R_E_TRAFFIC_PER,Regional percentile for Traffic Proximity and Volume (daily traffic count/distance to road),Environmental Indicators,Environmental,traffic.score,percentile,pctile,Region,region,region.pctile.traffic.score,2,101,2,2,3,2101223,67,67
S_E_TRAFFIC,state.avg.traffic.score,State average for Traffic Proximity and Volume (daily traffic count/distance to road),1,1,S_E_TRAFFIC,State average for Traffic Proximity and Volume (daily traffic count/distance to road),Environmental Indicators,Environmental,traffic.score,average,avg,State,state,state.avg.traffic.score,2,101,2,3,2,2101232,68,68
S_E_TRAFFIC_PER,state.pctile.traffic.score,State percentile for Traffic Proximity and Volume (daily traffic count/distance to road),1,1,S_E_TRAFFIC_PER,State percentile for Traffic Proximity and Volume (daily traffic count/distance to road),Environmental Indicators,Environmental,traffic.score,percentile,pctile,State,state,state.pctile.traffic.score,2,101,2,3,3,2101233,69,69
N_P_TRAFFIC,pctile.EJ.DISPARITY.traffic.score.eo,National percentile for EJ Index for Traffic Proximity and Volume,1,1,N_P_TRAFFIC,National percentile for EJ Index for Traffic Proximity and Volume,EJ Indexes,EJ Index,traffic.score,percentile,pctile,Nation,us,pctile.EJ.DISPARITY.traffic.score.eo,2,101,3,1,3,2101313,70,70
R_P_TRAFFIC,region.pctile.EJ.DISPARITY.traffic.score.eo,Regional percentile for EJ Index for Traffic Proximity and Volume,1,1,R_P_TRAFFIC,Regional percentile for EJ Index for Traffic Proximity and Volume,EJ Indexes,EJ Index,traffic.score,percentile,pctile,Region,region,region.pctile.EJ.DISPARITY.traffic.score.eo,2,101,3,2,3,2101323,71,71
S_P_TRAFFIC,state.pctile.EJ.DISPARITY.traffic.score.eo,State percentile for EJ Index for Traffic Proximity and Volume,1,1,S_P_TRAFFIC,State percentile for EJ Index for Traffic Proximity and Volume,EJ Indexes,EJ Index,traffic.score,percentile,pctile,State,state,state.pctile.EJ.DISPARITY.traffic.score.eo,2,101,3,3,3,2101333,72,72
RAW_E_LEAD,pctpre1960,Raw data for Lead Paint Indicator (% pre-1960s housing),1,1,RAW_E_LEAD,Raw data for Lead Paint Indicator (% pre-1960s housing),Environmental Indicators,Environmental,pctpre1960,raw data for indicator,0,buffer,0,pctpre1960,2,102,2,0,1,2102201,73,73
N_E_LEAD,us.avg.pctpre1960,National average for Lead Paint Indicator (% pre-1960s housing),1,1,N_E_LEAD,National average for Lead Paint Indicator (% pre 1960s housing),Environmental Indicators,Environmental,pctpre1960,average,avg,Nation,us,us.avg.pctpre1960,2,102,2,1,2,2102212,74,74
N_E_LEAD_PER,pctile.pctpre1960,National percentile for Lead Paint Indicator (% pre-1960s housing),1,1,N_E_LEAD_PER,National percentile for Lead Paint Indicator (% pre 1960s housing),Environmental Indicators,Environmental,pctpre1960,percentile,pctile,Nation,us,pctile.pctpre1960,2,102,2,1,3,2102213,75,75
R_E_LEAD,region.avg.pctpre1960,Regional average for Lead Paint Indicator (% pre-1960s housing),1,1,R_E_LEAD,Regional average for Lead Paint Indicator (% pre1960s housing),Environmental Indicators,Environmental,pctpre1960,average,avg,Region,region,region.avg.pctpre1960,2,102,2,2,2,2102222,76,76
R_E_LEAD_PER,region.pctile.pctpre1960,Regional percentile for Lead Paint Indicator (% pre-1960s housing),1,1,R_E_LEAD_PER,"Regional percentile for Lead Paint Indicator (% pre-
1960s housing)",Environmental Indicators,Environmental,pctpre1960,percentile,pctile,Region,region,region.pctile.pctpre1960,2,102,2,2,3,2102223,77,77
S_E_LEAD,state.avg.pctpre1960,State average for Lead Paint Indicator (% pre-1960s housing),1,1,S_E_LEAD,"State average for Lead Paint Indicator (% pre1960s
housing)",Environmental Indicators,Environmental,pctpre1960,average,avg,State,state,state.avg.pctpre1960,2,102,2,3,2,2102232,78,78
S_E_LEAD_PER,state.pctile.pctpre1960,State percentile for Lead Paint Indicator (% pre-1960s housing),1,1,S_E_LEAD_PER,State percentile for Lead Paint Indicator (% pre1960s housing),Environmental Indicators,Environmental,pctpre1960,percentile,pctile,State,state,state.pctile.pctpre1960,2,102,2,3,3,2102233,79,79
N_P_LEAD,pctile.EJ.DISPARITY.pctpre1960.eo,National percentile for EJ Index for Lead Paint Indicator,1,1,N_P_LEAD,National percentile for EJ Index for Lead Paint Indicator,EJ Indexes,EJ Index,pctpre1960,percentile,pctile,Nation,us,pctile.EJ.DISPARITY.pctpre1960.eo,2,102,3,1,3,2102313,80,80
R_P_LEAD,region.pctile.EJ.DISPARITY.pctpre1960.eo,Regional percentile for EJ Index for Lead Paint Indicator,1,1,R_P_LEAD,Regional percentile for EJ Index for Lead Paint Indicator,EJ Indexes,EJ Index,pctpre1960,percentile,pctile,Region,region,region.pctile.EJ.DISPARITY.pctpre1960.eo,2,102,3,2,3,2102323,81,81
S_P_LEAD,state.pctile.EJ.DISPARITY.pctpre1960.eo,State percentile for EJ Index for Lead Paint Indicator,1,1,S_P_LEAD,State percentile for EJ Index for Lead Paint Indicator,EJ Indexes,EJ Index,pctpre1960,percentile,pctile,State,state,state.pctile.EJ.DISPARITY.pctpre1960.eo,2,102,3,3,3,2102333,82,82
RAW_E_PM25,pm,Raw data for Particulate Matter (PM 2.5 in ug/m3),1,1,RAW_E_PM25,Raw data for Particulate Matter (PM 2.5 in ug/m3),Environmental Indicators,Environmental,pm,raw data for indicator,0,buffer,0,pm,2,103,2,0,1,2103201,83,83
N_E_PM25,us.avg.pm,National average for Particulate Matter (PM 2.5 in ug/m3),1,1,N_E_PM25,National average for Particulate Matter (PM 2.5 in ug/m3),Environmental Indicators,Environmental,pm,average,avg,Nation,us,us.avg.pm,2,103,2,1,2,2103212,84,84
N_E_PM25_PER,pctile.pm,National percentile for Particulate Matter (PM 2.5 in ug/m3),1,1,N_E_PM25_PER,National percentile for Particulate Matter (PM 2.5 in ug/m3),Environmental Indicators,Environmental,pm,percentile,pctile,Nation,us,pctile.pm,2,103,2,1,3,2103213,85,85
R_E_PM25,region.avg.pm,Regional average for Particulate Matter (PM 2.5 in ug/m3),1,1,R_E_PM25,Regional average for Particulate Matter (PM 2.5 in ug/m3),Environmental Indicators,Environmental,pm,average,avg,Region,region,region.avg.pm,2,103,2,2,2,2103222,86,86
R_E_PM25_PER,region.pctile.pm,Regional percentile for Particulate Matter (PM 2.5 in ug/m3),1,1,R_E_PM25_PER,Regional percentile for Particulate Matter (PM 2.5 in ug/m3),Environmental Indicators,Environmental,pm,percentile,pctile,Region,region,region.pctile.pm,2,103,2,2,3,2103223,87,87
S_E_PM25,state.avg.pm,State average for Particulate Matter (PM 2.5 in ug/m3),1,1,S_E_PM25,State average for Particulate Matter (PM 2.5 in ug/m3),Environmental Indicators,Environmental,pm,average,avg,State,state,state.avg.pm,2,103,2,3,2,2103232,88,88
S_E_PM25_PER,state.pctile.pm,State percentile for Particulate Matter (PM 2.5 in ug/m3),1,1,S_E_PM25_PER,State percentile for Particulate Matter (PM 2.5 in ug/m3),Environmental Indicators,Environmental,pm,percentile,pctile,State,state,state.pctile.pm,2,103,2,3,3,2103233,89,89
N_P_PM25,pctile.EJ.DISPARITY.pm.eo,National percentile for EJ Index for Particulate Matter (PM 2.5),1,1,N_P_PM25,National percentile for EJ Index for Particulate Matter (PM 2.5),EJ Indexes,EJ Index,pm,percentile,pctile,Nation,us,pctile.EJ.DISPARITY.pm.eo,2,103,3,1,3,2103313,90,90
R_P_PM25,region.pctile.EJ.DISPARITY.pm.eo,Regional percentile for EJ Index for Particulate Matter (PM 2.5),1,1,R_P_PM25,Regional percentile for EJ Index for Particulate Matter (PM 2.5),EJ Indexes,EJ Index,pm,percentile,pctile,Region,region,region.pctile.EJ.DISPARITY.pm.eo,2,103,3,2,3,2103323,91,91
S_P_PM25,state.pctile.EJ.DISPARITY.pm.eo,State percentile for EJ Index for Particulate Matter (PM 2.5),1,1,S_P_PM25,State percentile for EJ Index for Particulate Matter (PM 2.5),EJ Indexes,EJ Index,pm,percentile,pctile,State,state,state.pctile.EJ.DISPARITY.pm.eo,2,103,3,3,3,2103333,92,92
RAW_E_O3,o3,Raw data for Ozone (ppb),1,1,RAW_E_O3,Raw data for Ozone (ppb),Environmental Indicators,Environmental,o3,raw data for indicator,0,buffer,0,o3,2,104,2,0,1,2104201,93,93
N_E_O3,us.avg.o3,National average for Ozone (ppb),1,1,N_E_O3,National average for Ozone (ppb),Environmental Indicators,Environmental,o3,average,avg,Nation,us,us.avg.o3,2,104,2,1,2,2104212,94,94
N_E_O3_PER,pctile.o3,National percentile for Ozone (ppb),1,1,N_E_O3_PER,National percentile for Ozone (ppb),Environmental Indicators,Environmental,o3,percentile,pctile,Nation,us,pctile.o3,2,104,2,1,3,2104213,95,95
R_E_O3,region.avg.o3,Regional average for Ozone (ppb),1,1,R_E_O3,Regional average for Ozone (ppb),Environmental Indicators,Environmental,o3,average,avg,Region,region,region.avg.o3,2,104,2,2,2,2104222,96,96
R_E_O3_PER,region.pctile.o3,Regional percentile for Ozone (ppb),1,1,R_E_O3_PER,Regional percentile for Ozone (ppb),Environmental Indicators,Environmental,o3,percentile,pctile,Region,region,region.pctile.o3,2,104,2,2,3,2104223,97,97
S_E_O3,state.avg.o3,State average for Ozone (ppb),1,1,S_E_O3,State average for Ozone (ppb),Environmental Indicators,Environmental,o3,average,avg,State,state,state.avg.o3,2,104,2,3,2,2104232,98,98
S_E_O3_PER,state.pctile.o3,State percentile for Ozone (ppb),1,1,S_E_O3_PER,State percentile for Ozone (ppb),Environmental Indicators,Environmental,o3,percentile,pctile,State,state,state.pctile.o3,2,104,2,3,3,2104233,99,99
N_P_O3,pctile.EJ.DISPARITY.o3.eo,National percentile for EJ Index for Ozone,1,1,N_P_O3,National percentile for EJ Index for Ozone,EJ Indexes,EJ Index,o3,percentile,pctile,Nation,us,pctile.EJ.DISPARITY.o3.eo,2,104,3,1,3,2104313,100,100
R_P_O3,region.pctile.EJ.DISPARITY.o3.eo,Regional percentile for EJ Index for Ozone,1,1,R_P_O3,Regional percentile for EJ Index for Ozone,EJ Indexes,EJ Index,o3,percentile,pctile,Region,region,region.pctile.EJ.DISPARITY.o3.eo,2,104,3,2,3,2104323,101,101
S_P_O3,state.pctile.EJ.DISPARITY.o3.eo,State percentile for EJ Index for Ozone,1,1,S_P_O3,State percentile for EJ Index for Ozone,EJ Indexes,EJ Index,o3,percentile,pctile,State,state,state.pctile.EJ.DISPARITY.o3.eo,2,104,3,3,3,2104333,102,102
RAW_E_CANCER,cancer,Raw data for NATA Air Toxics Cancer Risk (risk per MM),1,1,RAW_E_CANCER,Raw data for NATA Air Toxics Cancer Risk (risk per MM),Environmental Indicators,Environmental,cancer,raw data for indicator,0,buffer,0,cancer,2,105,2,0,1,2105201,103,103
N_E_CANCER,us.avg.cancer,National average for NATA Air Toxics Cancer Risk (risk per MM),1,1,N_E_CANCER,National average for NATA Air Toxics Cancer Risk (risk per MM),Environmental Indicators,Environmental,cancer,average,avg,Nation,us,us.avg.cancer,2,105,2,1,2,2105212,104,104
N_E_CANCER_PER,pctile.cancer,National percentile for NATA Air Toxics Cancer Risk (risk per MM),1,1,N_E_CANCER_PER,National percentile for NATA Air Toxics Cancer Risk (risk per MM),Environmental Indicators,Environmental,cancer,percentile,pctile,Nation,us,pctile.cancer,2,105,2,1,3,2105213,105,105
R_E_CANCER,region.avg.cancer,Regional average for NATA Air Toxics Cancer Risk (risk per MM),1,1,R_E_CANCER,Regional average for NATA Air Toxics Cancer Risk (risk per MM),Environmental Indicators,Environmental,cancer,average,avg,Region,region,region.avg.cancer,2,105,2,2,2,2105222,106,106
R_E_CANCER_PER,region.pctile.cancer,Regional percentile for NATA Air Toxics Cancer Risk (risk per MM),1,1,R_E_CANCER_PER,Regional percentile for NATA Air Toxics Cancer Risk (risk per MM),Environmental Indicators,Environmental,cancer,percentile,pctile,Region,region,region.pctile.cancer,2,105,2,2,3,2105223,107,107
S_E_CANCER,state.avg.cancer,State average for NATA Air Toxics Cancer Risk (risk per MM),1,1,S_E_CANCER,State average for NATA Air Toxics Cancer Risk (risk per MM),Environmental Indicators,Environmental,cancer,average,avg,State,state,state.avg.cancer,2,105,2,3,2,2105232,108,108
S_E_CANCER_PER,state.pctile.cancer,State percentile for NATA Air Toxics Cancer Risk (risk per MM),1,1,S_E_CANCER_PER,State percentile for NATA Air Toxics Cancer Risk (risk per MM),Environmental Indicators,Environmental,cancer,percentile,pctile,State,state,state.pctile.cancer,2,105,2,3,3,2105233,109,109
N_P_CANCER,pctile.EJ.DISPARITY.cancer.eo,National percentile for EJ Index for NATA Air Toxics Cancer Risk,1,1,N_P_CANCER,National percentile for EJ Index for NATA Air Toxics Cancer Risk,EJ Indexes,EJ Index,cancer,percentile,pctile,Nation,us,pctile.EJ.DISPARITY.cancer.eo,2,105,3,1,3,2105313,110,110
R_P_CANCER,region.pctile.EJ.DISPARITY.cancer.eo,Regional percentile for EJ Index for NATA Air Toxics Cancer Risk,1,1,R_P_CANCER,Regional percentile for EJ Index for NATA Air Toxics Cancer Risk,EJ Indexes,EJ Index,cancer,percentile,pctile,Region,region,region.pctile.EJ.DISPARITY.cancer.eo,2,105,3,2,3,2105323,111,111
S_P_CANCER,state.pctile.EJ.DISPARITY.cancer.eo,State percentile for EJ Index for NATA Air Toxics Cancer Risk,1,1,S_P_CANCER,State percentile for EJ Index for NATA Air Toxics Cancer Risk,EJ Indexes,EJ Index,cancer,percentile,pctile,State,state,state.pctile.EJ.DISPARITY.cancer.eo,2,105,3,3,3,2105333,112,112
RAW_E_DIESEL,dpm,Raw data for NATA Diesel PM (ug/m3),1,1,RAW_E_DIESEL,Raw data for NATA Diesel PM (ug/m3),Environmental Indicators,Environmental,dpm,raw data for indicator,0,buffer,0,dpm,2,106,2,0,1,2106201,113,113
N_E_DIESEL,us.avg.dpm,National average for NATA Diesel PM (ug/m3),1,1,N_E_DIESEL,National average for NATA Diesel PM (ug/m3),Environmental Indicators,Environmental,dpm,average,avg,Nation,us,us.avg.dpm,2,106,2,1,2,2106212,114,114
N_E_DIESEL_PER,pctile.dpm,National percentile for NATA Diesel PM (ug/m3),1,1,N_E_DIESEL_PER,National percentile for NATA Diesel PM (ug/m3),Environmental Indicators,Environmental,dpm,percentile,pctile,Nation,us,pctile.dpm,2,106,2,1,3,2106213,115,115
R_E_DIESEL,region.avg.dpm,Regional average for NATA Diesel PM (ug/m3),1,1,R_E_DIESEL,Regional average for NATA Diesel PM (ug/m3),Environmental Indicators,Environmental,dpm,average,avg,Region,region,region.avg.dpm,2,106,2,2,2,2106222,116,116
R_E_DIESEL_PER,region.pctile.dpm,Regional percentile for NATA Diesel PM (ug/m3),1,1,R_E_DIESEL_PER,Regional percentile for NATA Diesel PM (ug/m3),Environmental Indicators,Environmental,dpm,percentile,pctile,Region,region,region.pctile.dpm,2,106,2,2,3,2106223,117,117
S_E_DIESEL,state.avg.dpm,State average for NATA Diesel PM (ug/m3),1,1,S_E_DIESEL,State average for NATA Diesel PM (ug/m3),Environmental Indicators,Environmental,dpm,average,avg,State,state,state.avg.dpm,2,106,2,3,2,2106232,118,118
S_E_DIESEL_PER,state.pctile.dpm,State percentile for NATA Diesel PM (ug/m3),1,1,S_E_DIESEL_PER,State percentile for NATA Diesel PM (ug/m3),Environmental Indicators,Environmental,dpm,percentile,pctile,State,state,state.pctile.dpm,2,106,2,3,3,2106233,119,119
N_P_DIESEL,pctile.EJ.DISPARITY.dpm.eo,National percentile for EJ Index for NATA Diesel PM,1,1,N_P_DIESEL,National percentile for EJ Index for NATA Diesel PM,EJ Indexes,EJ Index,dpm,percentile,pctile,Nation,us,pctile.EJ.DISPARITY.dpm.eo,2,106,3,1,3,2106313,120,120
R_P_DIESEL,region.pctile.EJ.DISPARITY.dpm.eo,Regional percentile for EJ Index for NATA Diesel PM,1,1,R_P_DIESEL,Regional percentile for EJ Index for NATA Diesel PM,EJ Indexes,EJ Index,dpm,percentile,pctile,Region,region,region.pctile.EJ.DISPARITY.dpm.eo,2,106,3,2,3,2106323,121,121
S_P_DIESEL,state.pctile.EJ.DISPARITY.dpm.eo,State percentile for EJ Index for NATA Diesel PM,1,1,S_P_DIESEL,State percentile for EJ Index for NATA Diesel PM,EJ Indexes,EJ Index,dpm,percentile,pctile,State,state,state.pctile.EJ.DISPARITY.dpm.eo,2,106,3,3,3,2106333,122,122
RAW_E_RESP,resp,Raw data for NATA Respiratory Hazard Index,1,1,RAW_E_RESP,Raw data for NATA Respiratory Hazard Index,Environmental Indicators,Environmental,resp,raw data for indicator,0,buffer,0,resp,2,107,2,0,1,2107201,123,123
N_E_RESP,us.avg.resp,National average for NATA Respiratory Hazard Index,1,1,N_E_RESP,National average for NATA Respiratory Hazard Index,Environmental Indicators,Environmental,resp,average,avg,Nation,us,us.avg.resp,2,107,2,1,2,2107212,124,124
N_E_RESP_PER,pctile.resp,National percentile for NATA Respiratory Hazard Index,1,1,N_E_RESP_PER,National percentile for NATA Respiratory Hazard Index,Environmental Indicators,Environmental,resp,percentile,pctile,Nation,us,pctile.resp,2,107,2,1,3,2107213,125,125
R_E_RESP,region.avg.resp,Regional average for NATA Respiratory Hazard Index,1,1,R_E_RESP,Regional average for NATA Respiratory Hazard Index,Environmental Indicators,Environmental,resp,average,avg,Region,region,region.avg.resp,2,107,2,2,2,2107222,126,126
R_E_RESP_PER,region.pctile.resp,Regional percentile for NATA Respiratory Hazard Index,1,1,R_E_RESP_PER,Regional percentile for NATA Respiratory Hazard Index,Environmental Indicators,Environmental,resp,percentile,pctile,Region,region,region.pctile.resp,2,107,2,2,3,2107223,127,127
S_E_RESP,state.avg.resp,State average for NATA Respiratory Hazard Index,1,1,S_E_RESP,State average for NATA Respiratory Hazard Index,Environmental Indicators,Environmental,resp,average,avg,State,state,state.avg.resp,2,107,2,3,2,2107232,128,128
S_E_RESP_PER,state.pctile.resp,State percentile for NATA Respiratory Hazard Index,1,1,S_E_RESP_PER,State percentile for NATA Respiratory Hazard Index,Environmental Indicators,Environmental,resp,percentile,pctile,State,state,state.pctile.resp,2,107,2,3,3,2107233,129,129
N_P_RESP,pctile.EJ.DISPARITY.resp.eo,National percentile for EJ Index for NATA Respiratory Hazard Index,1,1,N_P_RESP,National percentile for EJ Index for NATA Respiratory Hazard Index,EJ Indexes,EJ Index,resp,percentile,pctile,Nation,us,pctile.EJ.DISPARITY.resp.eo,2,107,3,1,3,2107313,130,130
R_P_RESP,region.pctile.EJ.DISPARITY.resp.eo,Regional percentile for EJ Index for NATA Respiratory Hazard Index,1,1,R_P_RESP,Regional percentile for EJ Index for NATA Respiratory Hazard Index,EJ Indexes,EJ Index,resp,percentile,pctile,Region,region,region.pctile.EJ.DISPARITY.resp.eo,2,107,3,2,3,2107323,131,131
S_P_RESP,state.pctile.EJ.DISPARITY.resp.eo,State percentile for EJ Index for NATA Respiratory Hazard Index,1,1,S_P_RESP,State percentile for EJ Index for NATA Respiratory Hazard Index,EJ Indexes,EJ Index,resp,percentile,pctile,State,state,state.pctile.EJ.DISPARITY.resp.eo,2,107,3,3,3,2107333,132,132
RAW_E_TSDF,proximity.tsdf,Raw data for Hazardous Waste Proximity (facility count/km distance),1,1,RAW_E_TSDF,Raw data for Hazardous Waste Proximity (facility count/km distance),Environmental Indicators,Environmental,proximity.tsdf,raw data for indicator,0,buffer,0,proximity.tsdf,2,108,2,0,1,2108201,133,133
N_E_TSDF,us.avg.proximity.tsdf,National average for Hazardous Waste Proximity (facility count/km distance),1,1,N_E_TSDF,National average for Hazardous Waste Proximity (facility count/km distance),Environmental Indicators,Environmental,proximity.tsdf,average,avg,Nation,us,us.avg.proximity.tsdf,2,108,2,1,2,2108212,134,134
N_E_TSDF_PER,pctile.proximity.tsdf,National percentile for Hazardous Waste Proximity (facility count/km distance),1,1,N_E_TSDF_PER,National percentile for Hazardous Waste Proximity (facility count/km distance),Environmental Indicators,Environmental,proximity.tsdf,percentile,pctile,Nation,us,pctile.proximity.tsdf,2,108,2,1,3,2108213,135,135
R_E_TSDF,region.avg.proximity.tsdf,Regional average for Hazardous Waste Proximity (facility count/km distance),1,1,R_E_TSDF,Regional average for Hazardous Waste Proximity (facility count/km distance),Environmental Indicators,Environmental,proximity.tsdf,average,avg,Region,region,region.avg.proximity.tsdf,2,108,2,2,2,2108222,136,136
R_E_TSDF_PER,region.pctile.proximity.tsdf,Regional percentile for Hazardous Waste Proximity (facility count/km distance),1,1,R_E_TSDF_PER,Regional percentile for Hazardous Waste Proximity (facility count/km distance),Environmental Indicators,Environmental,proximity.tsdf,percentile,pctile,Region,region,region.pctile.proximity.tsdf,2,108,2,2,3,2108223,137,137
S_E_TSDF,state.avg.proximity.tsdf,State average for Hazardous Waste Proximity (facility count/km distance),1,1,S_E_TSDF,State average for Hazardous Waste Proximity (facility count/km distance),Environmental Indicators,Environmental,proximity.tsdf,average,avg,State,state,state.avg.proximity.tsdf,2,108,2,3,2,2108232,138,138
S_E_TSDF_PER,state.pctile.proximity.tsdf,State percentile for Hazardous Waste Proximity (facility count/km distance),1,1,S_E_TSDF_PER,State percentile for Hazardous Waste Proximity (facility count/km distance),Environmental Indicators,Environmental,proximity.tsdf,percentile,pctile,State,state,state.pctile.proximity.tsdf,2,108,2,3,3,2108233,139,139
N_P_TSDF,pctile.EJ.DISPARITY.proximity.tsdf.eo,National percentile for EJ Index for Hazardous Waste Proximity,1,1,N_P_TSDF,National percentile for EJ Index for Hazardous Waste Proximity,EJ Indexes,EJ Index,proximity.tsdf,percentile,pctile,Nation,us,pctile.EJ.DISPARITY.proximity.tsdf.eo,2,108,3,1,3,2108313,140,140
R_P_TSDF,region.pctile.EJ.DISPARITY.proximity.tsdf.eo,Regional percentile for EJ Index for Hazardous Waste Proximity,1,1,R_P_TSDF,Regional percentile for EJ Index for Hazardous Waste Proximity,EJ Indexes,EJ Index,proximity.tsdf,percentile,pctile,Region,region,region.pctile.EJ.DISPARITY.proximity.tsdf.eo,2,108,3,2,3,2108323,141,141
S_P_TSDF,state.pctile.EJ.DISPARITY.proximity.tsdf.eo,State percentile for EJ Index for Hazardous Waste Proximity,1,1,S_P_TSDF,State percentile for EJ Index for Hazardous Waste Proximity,EJ Indexes,EJ Index,proximity.tsdf,percentile,pctile,State,state,state.pctile.EJ.DISPARITY.proximity.tsdf.eo,2,108,3,3,3,2108333,142,142
RAW_E_RMP,proximity.rmp,Raw data for RMP Proximity (facility count/km distance),1,1,RAW_E_RMP,Raw data for RMP Proximity (facility count/km distance),Environmental Indicators,Environmental,proximity.rmp,raw data for indicator,0,buffer,0,proximity.rmp,2,109,2,0,1,2109201,143,143
N_E_RMP,us.avg.proximity.rmp,National average for RMP Proximity (facility count/km distance),1,1,N_E_RMP,National average for RMP Proximity (facility count/km distance),Environmental Indicators,Environmental,proximity.rmp,average,avg,Nation,us,us.avg.proximity.rmp,2,109,2,1,2,2109212,144,144
N_E_RMP_PER,pctile.proximity.rmp,National percentile for RMP Proximity (facility count/km distance),1,1,N_E_RMP_PER,National percentile for RMP Proximity (facility count/km distance),Environmental Indicators,Environmental,proximity.rmp,percentile,pctile,Nation,us,pctile.proximity.rmp,2,109,2,1,3,2109213,145,145
R_E_RMP,region.avg.proximity.rmp,Regional average for RMP Proximity (facility count/km distance),1,1,R_E_RMP,Regional average for RMP Proximity (facility distance),Environmental Indicators,Environmental,proximity.rmp,average,avg,Region,region,region.avg.proximity.rmp,2,109,2,2,2,2109222,146,146
R_E_RMP_PER,region.pctile.proximity.rmp,Regional percentile for RMP Proximity (facility count/km distance),1,1,R_E_RMP_PER,Regional percentile for RMP Proximity (facility count/km distance),Environmental Indicators,Environmental,proximity.rmp,percentile,pctile,Region,region,region.pctile.proximity.rmp,2,109,2,2,3,2109223,147,147
S_E_RMP,state.avg.proximity.rmp,State average for RMP Proximity (facility count/km distance),1,1,S_E_RMP,State average for RMP Proximity (facility count/km distance),Environmental Indicators,Environmental,proximity.rmp,average,avg,State,state,state.avg.proximity.rmp,2,109,2,3,2,2109232,148,148
S_E_RMP_PER,state.pctile.proximity.rmp,State percentile for RMP Proximity (facility count/km distance),1,1,S_E_RMP_PER,State percentile for RMP Proximity (facility count/km distance),Environmental Indicators,Environmental,proximity.rmp,percentile,pctile,State,state,state.pctile.proximity.rmp,2,109,2,3,3,2109233,149,149
N_P_RMP,pctile.EJ.DISPARITY.proximity.rmp.eo,National percentile for EJ Index for RMP Proximity,1,1,N_P_RMP,National percentile for EJ Index for RMP Proximity,EJ Indexes,EJ Index,proximity.rmp,percentile,pctile,Nation,us,pctile.EJ.DISPARITY.proximity.rmp.eo,2,109,3,1,3,2109313,150,150
R_P_RMP,region.pctile.EJ.DISPARITY.proximity.rmp.eo,Regional percentile for EJ Index for RMP Proximity,1,1,R_P_RMP,Regional percentile for EJ Index for RMP Proximity,EJ Indexes,EJ Index,proximity.rmp,percentile,pctile,Region,region,region.pctile.EJ.DISPARITY.proximity.rmp.eo,2,109,3,2,3,2109323,151,151
S_P_RMP,state.pctile.EJ.DISPARITY.proximity.rmp.eo,State percentile for EJ Index for RMP Proximity,1,1,S_P_RMP,State percentile for EJ Index for RMP Proximity,EJ Indexes,EJ Index,proximity.rmp,percentile,pctile,State,state,state.pctile.EJ.DISPARITY.proximity.rmp.eo,2,109,3,3,3,2109333,152,152
RAW_E_NPL,proximity.npl,Raw data for Superfund Proximity (site count/km distance),1,1,RAW_E_NPL,Raw data for Superfund Proximity (site count/km distance),Environmental Indicators,Environmental,proximity.npl,raw data for indicator,0,buffer,0,proximity.npl,2,110,2,0,1,2110201,153,153
N_E_NPL,us.avg.proximity.npl,National average for Superfund Proximity (site count/km distance),1,1,N_E_NPL,National average for Superfund Proximity (site count/km distance),Environmental Indicators,Environmental,proximity.npl,average,avg,Nation,us,us.avg.proximity.npl,2,110,2,1,2,2110212,154,154
N_E_NPL_PER,pctile.proximity.npl,National percentile for Superfund Proximity (site count/km distance),1,1,N_E_NPL_PER,National percentile for Superfund Proximity (site count/km distance),Environmental Indicators,Environmental,proximity.npl,percentile,pctile,Nation,us,pctile.proximity.npl,2,110,2,1,3,2110213,155,155
R_E_NPL,region.avg.proximity.npl,Regional average for Superfund Proximity (site count/km distance),1,1,R_E_NPL,Regional average for Superfund Proximity (site count/km distance),Environmental Indicators,Environmental,proximity.npl,average,avg,Region,region,region.avg.proximity.npl,2,110,2,2,2,2110222,156,156
R_E_NPL_PER,region.pctile.proximity.npl,Regional percentile for Superfund Proximity (site count/km distance),1,1,R_E_NPL_PER,Regional percentile for Superfund Proximity (site count/km distance),Environmental Indicators,Environmental,proximity.npl,percentile,pctile,Region,region,region.pctile.proximity.npl,2,110,2,2,3,2110223,157,157
S_E_NPL,state.avg.proximity.npl,State average for Superfund Proximity (site count/km distance),1,1,S_E_NPL,State average for Superfund Proximity site count/km distance),Environmental Indicators,Environmental,proximity.npl,average,avg,State,state,state.avg.proximity.npl,2,110,2,3,2,2110232,158,158
S_E_NPL_PER,state.pctile.proximity.npl,State percentile for Superfund Proximity (site count/km distance),1,1,S_E_NPL_PER,State percentile for Superfund Proximity (site count/km distance),Environmental Indicators,Environmental,proximity.npl,percentile,pctile,State,state,state.pctile.proximity.npl,2,110,2,3,3,2110233,159,159
N_P_NPL,pctile.EJ.DISPARITY.proximity.npl.eo,National percentile for EJ Index for Superfund Proximity,1,1,N_P_NPL,National percentile for EJ Index for Superfund Proximity,EJ Indexes,EJ Index,proximity.npl,percentile,pctile,Nation,us,pctile.EJ.DISPARITY.proximity.npl.eo,2,110,3,1,3,2110313,160,160
R_P_NPL,region.pctile.EJ.DISPARITY.proximity.npl.eo,Regional percentile for EJ Index for Superfund Proximity,1,1,R_P_NPL,Regional percentile for EJ Index for Superfund Proximity,EJ Indexes,EJ Index,proximity.npl,percentile,pctile,Region,region,region.pctile.EJ.DISPARITY.proximity.npl.eo,2,110,3,2,3,2110323,161,161
S_P_NPL,state.pctile.EJ.DISPARITY.proximity.npl.eo,State percentile for EJ Index for Superfund Proximity,1,1,S_P_NPL,State percentile for EJ Index for Superfund Proximity,EJ Indexes,EJ Index,proximity.npl,percentile,pctile,State,state,state.pctile.EJ.DISPARITY.proximity.npl.eo,2,110,3,3,3,2110333,162,162
RAW_E_NPDES,proximity.npdes,Raw data for Wastewater Discharge Indicators (toxicity-weighted concentration/m distance),1,1,RAW_E_NPDES,Raw data for Wastewater Discharge Indicator (toxicity-weighted concentration/m distance),Environmental Indicators,Environmental,proximity.npdes,raw data for indicator,0,buffer,0,proximity.npdes,2,111,2,0,1,2111201,163,163
N_E_NPDES,us.avg.proximity.npdes,National average for Wastewater Discharge Indicators (toxicity-weighted concentration/m distance),1,1,N_E_NPDES,National average for Wastewater Discharge Indicator,Environmental Indicators,Environmental,proximity.npdes,average,avg,Nation,us,us.avg.proximity.npdes,2,111,2,1,2,2111212,164,164
N_E_NPDES_PER,pctile.proximity.npdes,National percentile for Wastewater Discharge Indicators (toxicity-weighted concentration/m distance),1,1,N_E_NPDES_PER,National percentile for Wastewater Discharge Indicator,Environmental Indicators,Environmental,proximity.npdes,percentile,pctile,Nation,us,pctile.proximity.npdes,2,111,2,1,3,2111213,165,165
R_E_NPDES,region.avg.proximity.npdes,Regional average for Wastewater Discharge Indicators (toxicity-weighted concentration/m distance),1,1,R_E_NPDES,Regional average for Wastewater Discharge Indicator,Environmental Indicators,Environmental,proximity.npdes,average,avg,Region,region,region.avg.proximity.npdes,2,111,2,2,2,2111222,166,166
R_E_NPDES_PER,region.pctile.proximity.npdes,Regional percentile for Wastewater Discharge Indicators (toxicity-weighted concentration/m distance),1,1,R_E_NPDES_PER,Regional percentile for Wastewater Discharge Indicator,Environmental Indicators,Environmental,proximity.npdes,percentile,pctile,Region,region,region.pctile.proximity.npdes,2,111,2,2,3,2111223,167,167
S_E_NPDES,state.avg.proximity.npdes,State average for Wastewater Discharge Indicators (toxicity-weighted concentration/m distance),1,1,S_E_NPDES,State average for Wastewater Discharge Indicator (toxicity-weighted concentration/m distance),Environmental Indicators,Environmental,proximity.npdes,average,avg,State,state,state.avg.proximity.npdes,2,111,2,3,2,2111232,168,168
S_E_NPDES_PER,state.pctile.proximity.npdes,State percentile for Wastewater Discharge Indicators (toxicity-weighted concentration/m distance),1,1,S_E_NPDES_PER,State percentile for Wastewater Discharge Indicator,Environmental Indicators,Environmental,proximity.npdes,percentile,pctile,State,state,state.pctile.proximity.npdes,2,111,2,3,3,2111233,169,169
N_P_NPDES,pctile.EJ.DISPARITY.proximity.npdes.eo,National percentile for EJ Index for Wastewater Discharge Indicator,1,1,N_P_NPDES,National percentile for EJ Index for Wastewater Discharge Indicator,EJ Indexes,EJ Index,proximity.npdes,percentile,pctile,Nation,us,pctile.EJ.DISPARITY.proximity.npdes.eo,2,111,3,1,3,2111313,170,170
R_P_NPDES,region.pctile.EJ.DISPARITY.proximity.npdes.eo,Regional percentile for EJ Index for Wastewater Discharge Indicator,1,1,R_P_NPDES,Regional percentile for EJ Index for Wastewater Discharge Indicator,EJ Indexes,EJ Index,proximity.npdes,percentile,pctile,Region,region,region.pctile.EJ.DISPARITY.proximity.npdes.eo,2,111,3,2,3,2111323,171,171
S_P_NPDES,state.pctile.EJ.DISPARITY.proximity.npdes.eo,State percentile for EJ Index for Wastewater Discharge Indicator,1,1,S_P_NPDES,State percentile for EJ Index for Wastewater Discharge Indicator,EJ Indexes,EJ Index,proximity.npdes,percentile,pctile,State,state,state.pctile.EJ.DISPARITY.proximity.npdes.eo,2,111,3,3,3,2111333,172,172
RAW_E_UST,ust,Underground Storage Tanks (UST) indicator,1,1,RAW_E_UST,Underground Storage Tanks (UST) indicator,Environmental Indicators,Environmental,ust,raw data for indicator,0,buffer,0,ust,2,112,2,0,1,2112201,173,173
N_E_UST,us.avg.ust,National average for UST,1,1,N_E_UST,National average for UST,Environmental Indicators,Environmental,ust,average,avg,Nation,us,us.avg.ust,2,112,2,1,2,2112212,174,174
N_E_UST_PER,pctile.ust,National percentile for UST,1,1,N_E_UST_PER,National percentile for UST,Environmental Indicators,Environmental,ust,percentile,pctile,Nation,us,pctile.ust,2,112,2,1,3,2112213,175,175
R_E_UST,region.avg.ust,Regional average for UST,1,1,R_E_UST,Regional average for UST,Environmental Indicators,Environmental,ust,average,avg,Region,region,region.avg.ust,2,112,2,2,2,2112222,176,176
R_E_UST_PER,region.pctile.ust,Regional percentile for UST,1,1,R_E_UST_PER,Regional percentile for UST,Environmental Indicators,Environmental,ust,percentile,pctile,Region,region,region.pctile.ust,2,112,2,2,3,2112223,177,177
S_E_UST,state.avg.ust,State average for UST,1,1,S_E_UST,State average for UST,Environmental Indicators,Environmental,ust,average,avg,State,state,state.avg.ust,2,112,2,3,2,2112232,178,178
S_E_UST_PER,state.pctile.ust,State percentile for UST,1,1,S_E_UST_PER,State percentile for UST,Environmental Indicators,Environmental,ust,percentile,pctile,State,state,state.pctile.ust,2,112,2,3,3,2112233,179,179
N_P_UST,pctile.EJ.DISPARITY.ust.eo,National percentile for EJ Index for UST,1,1,N_P_UST,National percentile for EJ Index for UST,EJ Indexes,EJ Index,ust,percentile,pctile,Nation,us,pctile.EJ.DISPARITY.ust.eo,2,112,3,1,3,2112313,180,180
R_P_UST,region.pctile.EJ.DISPARITY.ust.eo,Regional percentile for EJ Index for UST,1,1,R_P_UST,Regional percentile for EJ Index for UST,EJ Indexes,EJ Index,ust,percentile,pctile,Region,region,region.pctile.EJ.DISPARITY.ust.eo,2,112,3,2,3,2112323,181,181
S_P_UST,state.pctile.EJ.DISPARITY.ust.eo,State percentile for EJ Index for UST,1,1,S_P_UST,State percentile for EJ Index for UST,EJ Indexes,EJ Index,ust,percentile,pctile,State,state,state.pctile.EJ.DISPARITY.ust.eo,2,112,3,3,3,2112333,182,182
inputAreaMiles,inputAreaMiles,inputAreaMiles,1,1,inputAreaMiles,not documented- square miles in buffer,not documented,diagnostic,diagnostic,diagnostic,n,n,n,inputAreaMiles,999,999,999,999,999,999999999999999,183,183
statLayerCount,statLayerCount,statLayerCount,1,1,statLayerCount,not documented- probably count of block groups,not documented,diagnostic,diagnostic,diagnostic,n,n,n,statLayerCount,999,999,999,999,999,999999999999999,184,184
statLayerZeroPopCount,statLayerZeroPopCount,statLayerZeroPopCount,1,1,statLayerZeroPopCount,not documented- probably count of blocks with 0 residents,not documented,diagnostic,diagnostic,diagnostic,n,n,n,statLayerZeroPopCount,999,999,999,999,999,999999999999999,185,185
statlevel,statlevel,statlevel,1,1,statlevel,not documented,not documented,diagnostic,diagnostic,diagnostic,n,n,n,statlevel,999,999,999,999,999,999999999999999,186,186
timeSeconds,timeSeconds,timeSeconds,1,1,timeSeconds,not documented- time taken by analysis on server,not documented,diagnostic,diagnostic,diagnostic,n,n,n,timeSeconds,999,999,999,999,999,999999999999999,187,187
unit,unit,"Units on radius (Miles, etc)",1,1,unit,not documented- units for distance (radius),not documented,diagnostic,diagnostic,diagnostic,n,n,n,unit,999,999,999,999,999,999999999999999,188,188
weightLayerCount,weightLayerCount,weightLayerCount,1,1,weightLayerCount,not documented- probably count of blocks (internal points) in buffer,not documented,diagnostic,diagnostic,diagnostic,n,n,n,weightLayerCount,999,999,999,999,999,999999999999999,189,189
n,us.med.EJ.DISPARITY.traffic.score.eo,National median for EJ Index for Traffic Proximity and Volume (daily traffic count/distance to road),0,0,n,n,n,n,n,n,n,n,n,n,n,n,n,n,n,n,190,190
n,us.med.EJ.DISPARITY.pctpre1960.eo,National median for EJ Index for Lead Paint Indicator (% pre-1960s housing),0,0,n,n,n,n,n,n,n,n,n,n,n,n,n,n,n,n,191,191
n,us.med.EJ.DISPARITY.pm.eo,National median for EJ Index for Particulate Matter (PM 2.5 in ug/m3),0,0,n,n,n,n,n,n,n,n,n,n,n,n,n,n,n,n,192,192
n,us.med.EJ.DISPARITY.o3.eo,National median for EJ Index for Ozone (ppb),0,0,n,n,n,n,n,n,n,n,n,n,n,n,n,n,n,n,193,193
n,us.med.EJ.DISPARITY.cancer.eo,National median for EJ Index for NATA Air Toxics Cancer Risk (risk per MM),0,0,n,n,n,n,n,n,n,n,n,n,n,n,n,n,n,n,194,194
n,us.med.EJ.DISPARITY.dpm.eo,National median for EJ Index for NATA Diesel PM (ug/m3),0,0,n,n,n,n,n,n,n,n,n,n,n,n,n,n,n,n,195,195
n,us.med.EJ.DISPARITY.resp.eo,National median for EJ Index for NATA Respiratory Hazard Index,0,0,n,n,n,n,n,n,n,n,n,n,n,n,n,n,n,n,196,196
n,us.med.EJ.DISPARITY.proximity.tsdf.eo,National median for EJ Index for TSDF Proximity (facility count/km distance),0,0,n,n,n,n,n,n,n,n,n,n,n,n,n,n,n,n,197,197
n,us.med.EJ.DISPARITY.proximity.npl.eo,National median for EJ Index for RMP Proximity (facility count/km distance),0,0,n,n,n,n,n,n,n,n,n,n,n,n,n,n,n,n,198,198
n,us.med.EJ.DISPARITY.proximity.rmp.eo,National median for EJ Index for NPL Proximity (site count/km distance),0,0,n,n,n,n,n,n,n,n,n,n,n,n,n,n,n,n,199,199
n,us.med.EJ.DISPARITY.proximity.npdes.eo,National median for EJ Index for Water Discharger Indicator (toxicity-weighted concentration/m distance),0,0,n,n,n,n,n,n,n,n,n,n,n,n,n,n,n,n,200,200
n,us.med.EJ.DISPARITY.ust,National median for EJ Index for UST,0,0,n,n,n,n,n,n,n,n,n,n,n,n,n,n,n,n,201,201
n,us.med.traffic.score,National median for Traffic Proximity and Volume (daily traffic count/distance to road),0,0,n,n,n,n,n,n,n,n,n,n,n,n,n,n,n,n,202,202
n,us.med.pctpre1960,National median for Lead Paint Indicator (% pre-1960s housing),0,0,n,n,n,n,n,n,n,n,n,n,n,n,n,n,n,n,203,203
n,us.med.pm,National median for Particulate Matter (PM 2.5 in ug/m3),0,0,n,n,n,n,n,n,n,n,n,n,n,n,n,n,n,n,204,204
n,us.med.o3,National median for Ozone (ppb),0,0,n,n,n,n,n,n,n,n,n,n,n,n,n,n,n,n,205,205
n,us.med.cancer,National median for NATA Air Toxics Cancer Risk (risk per MM),0,0,n,n,n,n,n,n,n,n,n,n,n,n,n,n,n,n,206,206
n,us.med.dpm,National median for NATA Diesel PM (ug/m3),0,0,n,n,n,n,n,n,n,n,n,n,n,n,n,n,n,n,207,207
n,us.med.resp,National median for NATA Respiratory Hazard Index,0,0,n,n,n,n,n,n,n,n,n,n,n,n,n,n,n,n,208,208
n,us.med.proximity.tsdf,National median for TSDF Proximity (facility count/km distance),0,0,n,n,n,n,n,n,n,n,n,n,n,n,n,n,n,n,209,209
n,us.med.proximity.npl,National median for RMP Proximity (facility count/km distance),0,0,n,n,n,n,n,n,n,n,n,n,n,n,n,n,n,n,210,210
n,us.med.proximity.rmp,National median for NPL Proximity (site count/km distance),0,0,n,n,n,n,n,n,n,n,n,n,n,n,n,n,n,n,211,211
n,us.med.proximity.npdes,National median for Water Discharger Indicator (toxicity-weighted concentration/m distance),0,0,n,n,n,n,n,n,n,n,n,n,n,n,n,n,n,n,212,212
n,us.med.ust,National median for Underground Storage Tanks (UST) indicator,0,0,n,n,n,n,n,n,n,n,n,n,n,n,n,n,n,n,213,213
n,us.med.Demog.Index,National median for Demographic Index,0,0,n,n,n,n,n,n,n,n,n,n,n,n,n,n,n,n,214,214
n,us.med.pctlowinc,National median for Low Income Population,0,0,n,n,n,n,n,n,n,n,n,n,n,n,n,n,n,n,219,215
n,us.med.pctmin,National median for Minority Population,0,0,n,n,n,n,n,n,n,n,n,n,n,n,n,n,n,n,220,216
n,us.med.pctlingiso,National median for Linguistically Isolated Population,0,0,n,n,n,n,n,n,n,n,n,n,n,n,n,n,n,n,221,217
n,us.med.pctlths,National median for Population with Less Than High School Education,0,0,n,n,n,n,n,n,n,n,n,n,n,n,n,n,n,n,222,218
n,us.med.pctunder5,National median for Population under Age 5,0,0,n,n,n,n,n,n,n,n,n,n,n,n,n,n,n,n,223,219
n,us.med.pctover64,National median for Population over Age 64,0,0,n,n,n,n,n,n,n,n,n,n,n,n,n,n,n,n,224,220
n,us.med.pctunemployed,National median for Percent Unemployed,0,0,n,n,n,n,n,n,n,n,n,n,n,n,n,n,n,n,225,221
ACSEDUCBAS,age25up,Total Population Age 25 up,?,?,n,n,n,n,n,n,n,n,n,n,n,n,n,n,n,n,215,222
ACSIPOVBAS,povknownratio,Total Population for whom Poverty Status is Determined,?,?,n,n,n,n,n,n,n,n,n,n,n,n,n,n,n,n,216,223
ACSTOTHH,hhlds,Total Households,?,?,n,n,n,n,n,n,n,n,n,n,n,n,n,n,n,n,217,224
PRE1960,pre1960,Houses Built Pre 1960,?,?,n,n,n,n,n,n,n,n,n,n,n,n,n,n,n,n,218,225
OBJECTID,OBJECTID,OBJECTID,?,?,n,n,n,n,n,n,n,n,n,n,n,n,n,n,n,n,226,226
ID,id,Point ID,?,?,n,n,n,n,n,n,n,n,n,n,n,n,n,n,n,n,227,227
id,id,Point ID,?,?,n,n,n,n,n,n,n,n,n,n,n,n,n,n,n,n,228,228
name,name,Name,?,?,n,n,n,n,n,n,n,n,n,n,n,n,n,n,n,n,229,229
lat,lat,Latitude,?,?,n,n,n,n,n,n,n,n,n,n,n,n,n,n,n,n,230,230
LAT,lat,Latitude,?,?,n,n,n,n,n,n,n,n,n,n,n,n,n,n,n,n,231,231
lon,lon,Longitude,?,?,n,n,n,n,n,n,n,n,n,n,n,n,n,n,n,n,232,232
LONG,lon,Longitude,?,?,n,n,n,n,n,n,n,n,n,n,n,n,n,n,n,n,233,233
ACSTOTPOP,pop,total population (ACS 5yr file),?,?,n,n,n,n,n,n,n,n,n,n,n,n,n,n,n,n,234,234
distance,radius.miles,Buffer distance,?,?,n,n,n,n,n,n,n,n,n,n,n,n,n,n,n,n,235,235
n,EJScreenPDF,n,0,1,n,n,n,n,n,n,n,n,n,n,n,n,n,n,n,n,236,236
n,EJScreenMAP,n,0,1,n,n,n,n,n,n,n,n,n,n,n,n,n,n,n,n,237,237
n,siteid,n,0,1,n,n,n,n,n,n,n,n,n,n,n,n,n,n,n,n,238,238
n,sitename,n,0,1,n,n,n,n,n,n,n,n,n,n,n,n,n,n,n,n,239,239
